,default,tuning
average throughput (req/sec),315.6111111111111,307.9263888888888
average latency (ms),210.53833250106712,227.17625544517352
