,default,tuning
average throughput (req/sec),1260.2111111111108,363.2361111111111
average latency (ms),2.454852354592384,7590.9157103927755
