,default,tuning
average throughput (req/sec),110.83416666666662,86.58055555555556
average latency (ms),180.68660060242652,4049.422604078608
