,default,tuning
average throughput (req/sec),8.79888888888889,5.345833333333334
average latency (ms),5803.719275729881,9798.41478480575
