,default,tuning
average throughput (req/sec),52.288888888888884,332.7499999999999
average latency (ms),9480.910506812545,1120.5471105332442
