,default,tuning
average throughput (req/sec),14.913888888888891,15.381944444444445
average latency (ms),15252.49638280936,58291.78346534925
