,default,tuning
average throughput (req/sec),9.349242424242417,7.934848484848484
average latency (ms),59607.28456136127,34675.118266288315
