,default,tuning
average throughput (req/sec),277.05833333333345,280.43472222222215
average latency (ms),337.00938375426335,319.0292270818402
