,default,tuning
average throughput (req/sec),138.91287878787873,121.7537878787879
average latency (ms),26689.167639810967,29479.331594942963
