,default,tuning
average throughput (req/sec),166.6902777777778,215.89722222222224
average latency (ms),20893.92752455667,22445.219816839108
