,default,tuning
average throughput (req/sec),1257.0416666666665,1252.8236111111107
average latency (ms),2.337597448261002,2.4440497472682745
