,default,tuning
average throughput (req/sec),0.0838888888888889,0.6719444444444445
average latency (ms),59313.994813705176,188704.83215696
