,default,tuning
average throughput (req/sec),290.9930555555555,315.49722222222215
average latency (ms),325.0497179439533,1261.920193877149
