,default,tuning
average throughput (req/sec),480.53472222222183,1635.363888888889
average latency (ms),64254.24387612139,1.228605277989955
