,default,tuning
average throughput (req/sec),298.2416666666666,288.5
average latency (ms),200.05497815813098,894.4118388188203
