,default,tuning
average throughput (req/sec),9.19944444444444,36.666666666666664
average latency (ms),171219.676659064,4459.999481636861
