,default,tuning
average throughput (req/sec),242.61111111111111,269.3736111111111
average latency (ms),31335.483391287547,97252.05367890334
