,default,tuning
average throughput (req/sec),284.3027777777778,287.71805555555557
average latency (ms),254.62154054349074,379.5666256757229
