,default,tuning
average throughput (req/sec),313.44444444444423,923.6458333333331
average latency (ms),44564.917319840424,1123.5433589832994
