,default,tuning
average throughput (req/sec),1183.0513888888886,853.4958333333334
average latency (ms),2.29149662400655,2.321033400844675
