,default,tuning
average throughput (req/sec),1114.384722222222,148.56111111111122
average latency (ms),2.6140411982079095,84635.86510623206
