,default,tuning
average throughput (req/sec),267.7736111111111,286.90833333333336
average latency (ms),479.8582722362563,238.53747321158437
