,default,tuning
average throughput (req/sec),957.3319444444446,619.1944444444443
average latency (ms),0.970106039385256,0.9669727046982557
