,default,tuning
average throughput (req/sec),83.98939393939395,119.48030303030308
average latency (ms),24836.542883221962,63208.531243692276
