,default,tuning
average throughput (req/sec),80.25416666666666,131.01111111111106
average latency (ms),6449.74085527413,22930.90358994041
