,default,tuning
average throughput (req/sec),197.34833333333324,163.15472222222226
average latency (ms),65.03798742134605,1709.1904481950212
