,default,tuning
average throughput (req/sec),141.2408333333333,141.73916666666673
average latency (ms),16.010816917940424,16.098029926515526
