,default,tuning
average throughput (req/sec),282.26527777777767,372.55972222222215
average latency (ms),6936.137042977443,30733.297278815357
