,default,tuning
average throughput (req/sec),279.56944444444457,306.001388888889
average latency (ms),308.3215839349181,15093.505641083786
