,default,tuning
average throughput (req/sec),1278.4111111111113,956.375
average latency (ms),0.913916195064679,0.9526197828461525
