,default,tuning
average throughput (req/sec),78.33555555555554,82.90166666666667
average latency (ms),711.5175630355785,181.13675146826782
