,default,tuning
average throughput (req/sec),128.71555555555562,113.92611111111107
average latency (ms),80.4621379472331,211.98279897092775
