,default,tuning
average throughput (req/sec),300.76944444444433,284.16249999999997
average latency (ms),444.7455386245158,181359.95734054263
