,default,tuning
average throughput (req/sec),13.495972222222226,14.030138888888887
average latency (ms),243.42397371728273,74.78408223698925
