,default,tuning
average throughput (req/sec),1256.2319444444447,1260.6055555555554
average latency (ms),2.3230602939677105,2.256764876235578
