,default,tuning
average throughput (req/sec),171.15055555555554,171.0919444444444
average latency (ms),213.73725789939542,192.4762026309331
