,default,tuning
average throughput (req/sec),212.25722222222223,212.22444444444426
average latency (ms),13.344147181248692,13.674254084043064
