,default,tuning
average throughput (req/sec),17.54333333333333,17.49472222222222
average latency (ms),83.16977661137302,82.45231539740327
