,default,tuning
average throughput (req/sec),656.0944444444447,462.6958333333333
average latency (ms),0.9839411693991702,1.0052341054183558
