,default,tuning
average throughput (req/sec),334.71944444444455,313.4111111111112
average latency (ms),366.6077165903971,364.59944314244797
