,default,tuning
average throughput (req/sec),177.07305555555556,176.24305555555563
average latency (ms),12.626199095871407,28.857239808183124
