,default,tuning
average throughput (req/sec),205.8613888888889,206.20194444444428
average latency (ms),236.10309160796243,237.36839734990542
