,default,tuning
average throughput (req/sec),113.65555555555557,111.67916666666666
average latency (ms),14589.770044064686,41274.19266576841
