,default,tuning
average throughput (req/sec),103.70763888888885,110.33222222222227
average latency (ms),813.8271833647257,173.8714409101951
