,default,tuning
average throughput (req/sec),270.11249999999995,269.09583333333325
average latency (ms),452.95363987655924,464.08441884127427
