,default,tuning
average throughput (req/sec),235.3361111111112,235.2430555555555
average latency (ms),69.8226421179757,69.83818645902603
