,default,tuning
average throughput (req/sec),0.09500000000000001,1.5602777777777779
average latency (ms),165264.741796627,467383.62052965263
