,default,tuning
average throughput (req/sec),330.4972222222222,255.95694444444442
average latency (ms),0.9524162409380755,0.9908717073112153
