,default,tuning
average throughput (req/sec),135.49090909090907,621.8863636363639
average latency (ms),134629.61081257727,83288.36303026034
