,default,tuning
average throughput (req/sec),720.2791666666664,1657.156944444444
average latency (ms),20024.9482146852,1.1439411627861231
