,default,tuning
average throughput (req/sec),301.6277777777777,193.76111111111115
average latency (ms),40838.27355171267,1792.5302632047574
