,default,tuning
average throughput (req/sec),613.7944444444444,383.0430555555556
average latency (ms),1.97962468338056,1.9365808412489836
