,default,tuning
average throughput (req/sec),317.398611111111,298.0013888888889
average latency (ms),358.878833503864,9670.188473060354
