,default,tuning
average throughput (req/sec),211.73888888888894,192.5125
average latency (ms),30851.244712129534,40308.975973226086
