,default,tuning
average throughput (req/sec),272.0805555555555,313.9513888888889
average latency (ms),383.7389794166286,305.5310213692393
