,default,tuning
average throughput (req/sec),15.874999999999993,19.140277777777772
average latency (ms),104251.65608953961,49972.35470229084
