,default,tuning
average throughput (req/sec),326.7125,484.56805555555525
average latency (ms),347.0551597240335,8950.13208217223
