,default,tuning
average throughput (req/sec),14.079166666666662,14.0625
average latency (ms),69.66438090964402,71.24576625088625
