,default,tuning
average throughput (req/sec),50.71155913978493,51.61505376344087
average latency (ms),55802.20408279183,785.4620836262974
