,default,tuning
average throughput (req/sec),310.1916666666667,248.02638888888896
average latency (ms),1.8169926234630178,1.8457762613136142
