,default,tuning
average throughput (req/sec),14.624166666666664,15.058055555555562
average latency (ms),89293.0736756962,175963.19924521958
