,default,tuning
average throughput (req/sec),11.808611111111112,11.413055555555562
average latency (ms),2053.313102320497,2215.427407614193
