,default,tuning
average throughput (req/sec),12.847222222222225,13.35138888888889
average latency (ms),10543.712496236762,28056.693138313425
