,default,tuning
average throughput (req/sec),256.72777777777765,263.06805555555565
average latency (ms),506.68450322670014,403.6142909813238
