,default,tuning
average throughput (req/sec),6.755555555555558,9.286111111111117
average latency (ms),72906.23978651459,59498.15705834755
