,default,tuning
average throughput (req/sec),11.449722222222226,10.697777777777782
average latency (ms),2094.7884839198,2347.731743644559
