,default,tuning
average throughput (req/sec),289.67083333333335,328.76249999999993
average latency (ms),315.64583625544117,233.85254027151348
