,default,tuning
average throughput (req/sec),215.6305555555556,172.1833333333334
average latency (ms),9187.601897935056,44773.64390221916
