,default,tuning
average throughput (req/sec),262.47222222222234,319.4875
average latency (ms),293.23014749887875,11946.794131827328
