,default,tuning
average throughput (req/sec),1260.5083333333334,1261.1972222222223
average latency (ms),2.4353144879646775,2.3474754404019453
