,default,tuning
average throughput (req/sec),11.808611111111112,11.949999999999996
average latency (ms),2053.313102320497,2055.371550459504
