,default,tuning
average throughput (req/sec),299.37638888888887,314.21527777777777
average latency (ms),504.6850055775789,78847.65232191222
