,default,tuning
average throughput (req/sec),1179.2291666666667,965.3833333333332
average latency (ms),2.307657775491583,2.4349361960048643
