,default,tuning
average throughput (req/sec),165.3652777777778,110.51638888888891
average latency (ms),474.0445464677275,172210.31410426865
