,default,tuning
average throughput (req/sec),165.3652777777778,188.09444444444443
average latency (ms),474.0445464677275,483.5610647771083
