,default,tuning
average throughput (req/sec),13.587500000000002,11.162500000000016
average latency (ms),6155.773743561602,69031.53892401712
