,default,tuning
average throughput (req/sec),1169.8555555555558,922.0083333333334
average latency (ms),2.3158457426059247,2.443315573034193
