,default,tuning
average throughput (req/sec),25.409722222222214,39.01666666666668
average latency (ms),1585.4561537307952,2541.3795524429083
