,default,tuning
average throughput (req/sec),235.3361111111112,147.84111111111113
average latency (ms),69.8226421179757,8454.494084663464
