,default,tuning
average throughput (req/sec),234.83444444444436,204.11444444444456
average latency (ms),69.99621677642659,237.67104970727078
