,default,tuning
average throughput (req/sec),10.163611111111106,10.154722222222217
average latency (ms),1908.8451876373429,1943.7631625170607
