,default,tuning
average throughput (req/sec),7.748484848484854,5.327272727272736
average latency (ms),84656.19864542453,161154.99856588594
