,default,tuning
average throughput (req/sec),14.031944444444447,12.51805555555556
average latency (ms),9480.820577238781,59335.5595393796
