,default,tuning
average throughput (req/sec),266.75694444444457,368.9416666666667
average latency (ms),444.8409796941779,602.9205307883683
