,default,tuning
average throughput (req/sec),128.71555555555562,128.2944444444445
average latency (ms),80.4621379472331,81.32816115161413
