,default,tuning
average throughput (req/sec),285.79861111111114,241.04027777777785
average latency (ms),528.2296114893926,157754.68085808377
