,default,tuning
average throughput (req/sec),93.05555555555553,83.7527777777778
average latency (ms),181.4914708601193,207.5239487012856
