,default,tuning
average throughput (req/sec),176.9819444444444,176.7427777777778
average latency (ms),20.98057281137984,21.156062536417622
