,default,tuning
average throughput (req/sec),32.93787878787881,165.8719696969696
average latency (ms),30064.788896380047,139116.89001403493
