,default,tuning
average throughput (req/sec),303.37916666666655,334.6611111111111
average latency (ms),51777.834685179194,2833.820278637674
