,default,tuning
average throughput (req/sec),174.06138888888876,210.11361111111123
average latency (ms),100511.24416630587,1964.0514979229183
