,default,tuning
average throughput (req/sec),298.89444444444445,283.30138888888894
average latency (ms),489.74070886291497,5418.77171577449
