,default,tuning
average throughput (req/sec),1161.9611111111108,1179.1055555555556
average latency (ms),2.9312213651689367,2.1641346159433192
