,default,tuning
average throughput (req/sec),1257.3861111111114,1253.8013888888886
average latency (ms),2.362004644816896,2.4391528989597715
