,default,tuning
average throughput (req/sec),1179.9541666666664,1174.958333333333
average latency (ms),2.3241757187231276,2.287244322091153
