,default,tuning
average throughput (req/sec),82.96361111111109,64.11361111111111
average latency (ms),139.9080074141306,3372.2115947187717
