,default,tuning
average throughput (req/sec),319.91111111111104,291.9763888888889
average latency (ms),395.5132815819402,60478.01138869876
