,default,tuning
average throughput (req/sec),307.5819444444444,299.12916666666666
average latency (ms),315.1911550625148,49809.9213621895
