,default,tuning
average throughput (req/sec),471.55833333333317,277.55277777777775
average latency (ms),20667.66554245522,23154.60428754805
