,default,tuning
average throughput (req/sec),154.08712121212122,123.70681818181822
average latency (ms),52128.128592385474,18465.684065913465
