,default,tuning
average throughput (req/sec),292.6513888888889,277.81527777777774
average latency (ms),365.12134219725317,440.18159038280623
