,default,tuning
average throughput (req/sec),287.08888888888885,333.4680555555557
average latency (ms),274.5813044218555,226.99392185766496
