,default,tuning
average throughput (req/sec),900.2222222222225,618.2736111111111
average latency (ms),2.233191921273253,2.3014265745467966
