,default,tuning
average throughput (req/sec),136.75694444444446,129.4569444444445
average latency (ms),13606.382376563393,29600.787509338013
