,default,tuning
average throughput (req/sec),270.1263888888888,267.75694444444446
average latency (ms),344.3293005958368,340.19190356156173
