,default,tuning
average throughput (req/sec),294.4041666666666,264.8416666666666
average latency (ms),285.7113045501986,282.6474827296258
