,default,tuning
average throughput (req/sec),1263.294444444444,758.1625000000003
average latency (ms),0.8763194449378606,0.9445285701951869
