,default,tuning
average throughput (req/sec),1259.4712121212115,1258.1060606060603
average latency (ms),0.9435304381521693,0.9733600225855592
