,default,tuning
average throughput (req/sec),13.461111111111116,21.193055555555553
average latency (ms),4158.68212592372,9988.40033286604
