,default,tuning
average throughput (req/sec),296.22222222222223,278.16527777777776
average latency (ms),316.59666604152994,478.99374850397294
