,default,tuning
average throughput (req/sec),5.800277777777776,273.54333333333335
average latency (ms),196993.15476095083,20.766801204431427
