,default,tuning
average throughput (req/sec),1116.986111111111,115.5694444444446
average latency (ms),2.594521820453966,180924.99390601844
