,default,tuning
average throughput (req/sec),113.03500000000003,113.02277777777779
average latency (ms),30.35533710803491,30.385881334551108
