,default,tuning
average throughput (req/sec),281.8500000000001,315.31944444444446
average latency (ms),374.02456353130003,371.34992908284966
