,default,tuning
average throughput (req/sec),105.82555555555551,105.71083333333333
average latency (ms),35.4014783628629,35.4011688724568
