,default,tuning
average throughput (req/sec),129.02638888888885,120.41111111111111
average latency (ms),16662.86449527902,5544.795904353807
