,default,tuning
average throughput (req/sec),296.30138888888877,255.30000000000004
average latency (ms),320.75867248447787,347.22410267294975
