,default,tuning
average throughput (req/sec),151.64027777777778,111.06666666666666
average latency (ms),10112.213648469007,48307.376441884655
