,default,tuning
average throughput (req/sec),298.0847222222221,335.52916666666664
average latency (ms),347.6117353962883,21664.725386400558
