,default,tuning
average throughput (req/sec),12.609722222222224,14.313888888888894
average latency (ms),29507.150663138316,57852.606568455405
