,default,tuning
average throughput (req/sec),7.004545454545452,8.228030303030302
average latency (ms),72236.95354948025,29528.53956173279
