,default,tuning
average throughput (req/sec),7.303787878787888,8.687121212121202
average latency (ms),169156.71806800948,141341.8841090175
