,default,tuning
average throughput (req/sec),8.672222222222224,20.011111111111113
average latency (ms),54708.37425945389,33937.219153240585
