,default,tuning
average throughput (req/sec),123.37419354838724,131.83548387096783
average latency (ms),56079.45299094684,2.040052284251538
