,default,tuning
average throughput (req/sec),13.419444444444444,15.394444444444439
average latency (ms),37823.75822115657,105535.26787351837
