,default,tuning
average throughput (req/sec),3.657777777777776,13.971944444444446
average latency (ms),72419.77604685955,92543.9050366074
