,default,tuning
average throughput (req/sec),254.28750000000002,271.80972222222215
average latency (ms),324.73465023099055,302.140469104558
