,default,tuning
average throughput (req/sec),12.728055555555581,35.580555555555605
average latency (ms),766747.8739412549,210919.5931692552
