,default,tuning
average throughput (req/sec),71.0545454545455,64.36893939393934
average latency (ms),32978.14690078646,51005.629290783516
