,default,tuning
average throughput (req/sec),315.61805555555554,136.44166666666663
average latency (ms),20309.97104565534,22397.25695378782
