,default,tuning
average throughput (req/sec),305.1972222222222,286.56944444444446
average latency (ms),361.2419955576612,51498.93792468091
