,default,tuning
average throughput (req/sec),8.537500000000009,13.773611111111121
average latency (ms),62449.81833419706,138918.22674070756
