,default,tuning
average throughput (req/sec),1255.1458333333333,1262.5527777777775
average latency (ms),2.440572872212066,2.4385191867166824
