,default,tuning
average throughput (req/sec),17813.1,17786.4
average latency (ms),11.74128028069073,15.173842429446093
