,default,tuning
average throughput (req/sec),69.18555555555557,55.46416666666665
average latency (ms),200.47690182838815,2586.3337069681997
