,default,tuning
average throughput (req/sec),1151.5121212121212,69.2333333333335
average latency (ms),2.428933276354918,202863.02863441742
