,default,tuning
average throughput (req/sec),1133.1833333333332,155.6319444444444
average latency (ms),2.545586331030681,21190.589869723346
