,default,tuning
average throughput (req/sec),292.7055555555555,279.4625
average latency (ms),358.9310467608583,9705.577395377011
