,default,tuning
average throughput (req/sec),41.01833333333334,36.16583333333332
average latency (ms),31.957834052937447,153.45334745729653
