,default,tuning
average throughput (req/sec),236.03833333333338,236.0722222222222
average latency (ms),16.39627063265913,16.108124278351678
