,default,tuning
average throughput (req/sec),1171.7458333333332,1191.7138888888885
average latency (ms),2.3630507859798984,2.2927486970872106
