,default,tuning
average throughput (req/sec),16.22777777777778,13.450000000000006
average latency (ms),11260.964928816094,47159.00756402101
