,default,tuning
average throughput (req/sec),315.1652777777779,266.21666666666675
average latency (ms),319.44411529471887,48451.59624093132
