,default,tuning
average throughput (req/sec),2.898888888888886,10.254166666666665
average latency (ms),126761.94922790452,29792.87622225379
