,default,tuning
average throughput (req/sec),17.489722222222216,7.106944444444443
average latency (ms),75.32747713703066,28763.37910602923
