,default,tuning
average throughput (req/sec),307.75277777777785,297.1722222222222
average latency (ms),450.4079770658672,24846.117978082013
