,default,tuning
average throughput (req/sec),41.32888888888886,35.995555555555555
average latency (ms),25.317601465870286,270.63924089348654
