,default,tuning
average throughput (req/sec),292.3638888888889,299.3638888888888
average latency (ms),433.72667269689157,392.6450850170495
