,default,tuning
average throughput (req/sec),15.426388888888889,13.158333333333339
average latency (ms),43579.58834890733,41982.43154244487
